DB00002,C0007102,3.264621902083789
DB00004,C0079773,1.3464150998948627
DB00005,C0003873,3.3828848144202515
DB00005,C3495559,1.8805435765110277
DB00005,C0003872,2.4095264291778107
DB00005,C0038013,2.4386035878043097
DB00007,C0014175,0.10506225621631157
DB00008,C0524910,1.9477321892014858
DB00008,C0524909,1.9657130725686083
DB00009,C0948008,2.65662928575896
DB00009,C0155626,1.9028440066476755
DB00009,C0034065,1.2254702215286584
DB00010,C0013338,2.5172129319500414
DB00013,C0034065,2.3236091475095098
DB00014,C0014175,1.1903961166689827
DB00015,C0155626,1.5024212484159194
DB00022,C0524910,1.9477321892014858
DB00023,C0023449,1.0199467116962149
DB00026,C0003873,1.6860283169608965
DB00030,C0011854,0.7147753331712619
DB00030,C0011860,4.152961924445468
DB00030,C0011849,3.3834665588274726
DB00031,C0155626,0.7720135122948077
DB00040,C0020615,0.5603902439593084
DB00041,C0023467,1.3200173818756933
DB00043,C0004096,1.2057165589437695
DB00046,C0011854,1.9427010735066752
DB00046,C0011860,1.783102442768493
DB00047,C0011854,1.814721235585974
DB00047,C0011860,2.5409421349081622
DB00051,C0003873,2.715702783808551
DB00051,C3495559,1.7332624592868067
DB00051,C0003872,2.2682158635053344
DB00051,C0038013,2.669897269249757
DB00051,C0010346,2.748330649431667
DB00051,C0009324,2.6478175427915733
DB00052,C0032897,1.3332397918064427
DB00052,C0013338,2.5021604033353735
DB00056,C0023467,1.5834594100750692
DB00059,C0023449,0.47450914423288393
DB00063,C0948089,1.9051973919868264
DB00065,C0010346,2.8097257620075844
DB00065,C0009324,2.744434505907027
DB00065,C0003873,2.6999947819153522
DB00065,C0038013,2.8073849746827646
DB00065,C0003872,2.16162482252849
DB00073,C0024305,2.166508722817003
DB00073,C0023434,2.610797127667996
DB00073,C0003873,3.3805803024106216
DB00078,C0024301,1.6025208272333507
DB00091,C0003873,2.962773225083865
DB00091,C0022575,0.14744977635485718
DB00108,C0026769,0.4420887002600917
DB00108,C0010346,0.4628416492587602
DB00112,C1621958,2.8473212299290056
DB00112,C0302592,2.3083466144952345
DB00115,C0162316,0.0781631174229379
DB00136,C0020598,0.7479471991024713
DB00136,C0085682,1.459050098179667
DB00136,C0020626,0.5297083858968394
DB00137,C0242383,0.9548067525014959
DB00146,C0020598,0.6506747353479345
DB00146,C0035579,0.49845867607333116
DB00146,C0085682,1.1133998599228443
DB00153,C0035579,0.8058542008483325
DB00153,C0029456,1.726507574940806
DB00153,C0020598,0.3286395444417814
DB00153,C0020626,0.11838005111271033
DB00158,C0162316,0.3574529564637151
DB00169,C0035579,0.4292539103146864
DB00169,C0020598,0.3525989903566615
DB00169,C0029456,1.193689617970226
DB00175,C0038454,2.7646634642815617
DB00175,C0020443,2.8448106082726814
DB00175,C0020557,2.8167691885673007
DB00175,C0003850,2.589631956770172
DB00177,C0020538,0.27114838965111565
DB00178,C0038454,2.0255454741676555
DB00178,C0020538,2.394057692709233
DB00180,C0004096,0.1869234814859079
DB00182,C0028754,0.6631073025903362
DB00182,C1263846,0.796886689044827
DB00182,C0027404,0.847512553580597
DB00186,C0014553,2.2429577615672316
DB00186,C0270846,3.126992322632317
DB00186,C0003467,2.3490076073440416
DB00186,C0038220,2.0208326620188157
DB00187,C0004238,0.5324648755567926
DB00188,C0026764,0.2586427454134222
DB00188,C0334634,0.3731869843223301
DB00189,C0917801,2.505723238439692
DB00190,C0030567,2.334762160302886
DB00190,C0242422,1.4623237027135167
DB00191,C0020649,0.433894038070446
DB00191,C0028754,0.7228202736411549
DB00193,C0030193,2.369318906649461
DB00195,C0020538,1.1685475295513683
DB00198,C0021400,0.09105286386067217
DB00199,C0025289,0.5368760410902202
DB00201,C0030193,1.3804473296866862
DB00201,C0003862,0.29240335397313416
DB00203,C0242350,2.4010359238499146
DB00205,C0024530,0.7288068784541287
DB00206,C0033975,0.4567859429821819
DB00206,C0020538,2.2481445449075466
DB00209,C0085606,0.8339786142292053
DB00213,C0017168,1.2681789992842412
DB00213,C0030920,0.9194972000999899
DB00214,C0020538,3.03566695635603
DB00214,C0013604,1.110435546021583
DB00215,C1269683,3.8026377955112745
DB00215,C0011581,3.5051377994918997
DB00216,C0149931,1.7046778188319271
DB00220,C0019693,0.7245481733014565
DB00222,C0011860,2.1207968365026795
DB00223,C0015230,0.254218028154981
DB00227,C0020473,1.571680806503579
DB00227,C0020443,1.7525337787854927
DB00227,C0020557,2.124354502634074
DB00227,C0003850,2.551239946733726
DB00231,C0917801,1.8806860203238525
DB00232,C0020538,2.253651152258814
DB00232,C0013604,0.6925180892778947
DB00237,C0917801,1.4796742080744507
DB00240,C0011616,0.3756492564082785
DB00240,C0015230,0.16973095161135515
DB00240,C0036508,0.21639922907348053
DB00240,C0024138,0.21707947581214213
DB00243,C0002962,1.0643678231292786
DB00244,C0009324,1.5771943504063115
DB00246,C0036341,3.57130301634471
DB00250,C0023343,1.9746514327893105
DB00252,C0038220,2.7866351877822186
DB00252,C0014544,2.936489548018404
DB00252,C0494475,1.584227295703001
DB00253,C0042164,1.2192037656031414
DB00254,C0035021,0.189633244533964
DB00260,C0041327,0.07252267918701054
DB00262,C0153633,1.7519560733169535
DB00262,C0019829,0.5667108681326698
DB00262,C0079744,0.32808308683076914
DB00262,C0024305,0.41743838476352263
DB00262,C0555198,0.5107522682129347
DB00264,C0020538,1.3235975045061585
DB00264,C0027051,1.284076625874189
DB00264,C0948089,1.0780113258582704
DB00266,C0027051,1.0683687862328923
DB00266,C0040038,0.3888090931900753
DB00266,C0040053,0.688955747097813
DB00268,C0030567,2.327171847982539
DB00268,C0035258,1.295196983196882
DB00270,C0020538,1.4138248040887573
DB00274,C0032285,0.47798982211288293
DB00275,C0020538,0.27114838965111565
DB00277,C0024115,1.5125344090851396
DB00277,C0004096,2.0730679228853774
DB00279,C0010308,0.45327772779196873
DB00279,C0018021,0.6345443421159933
DB00279,C0020676,0.8282320270388945
DB00280,C0085612,1.9000873836593164
DB00281,C0085612,1.5583027158984906
DB00281,C0033774,2.1037705914708305
DB00281,C0027796,1.7393896391434498
DB00283,C0033774,2.2892709120885595
DB00284,C0011860,2.0684858233868173
DB00285,C1269683,3.1620116516661683
DB00286,C1384606,0.3261915259007291
DB00288,C0011616,0.4576333809361307
DB00288,C0079773,0.48238754275774004
DB00288,C0015230,0.16488724831720336
DB00288,C0024138,0.3249445652525706
DB00288,C0036508,0.3335344771130184
DB00289,C1263846,1.1540092190664033
DB00290,C0007137,2.258092566837201
DB00290,C0024305,0.7486271952532169
DB00290,C0007847,1.295303896943848
DB00290,C0079744,1.1380808092492833
DB00290,C0024301,0.5156439858021222
DB00290,C0278996,1.6371544054853082
DB00290,C0019829,1.4520030435238493
DB00291,C0024301,1.1377506677043248
DB00291,C0019829,0.5288203509633113
DB00291,C0023434,0.3810772065144561
DB00295,C0030193,3.283266488175579
DB00297,C0033774,1.1595522229010211
DB00300,C0019693,0.25109351213952946
DB00302,C0025323,1.2229839963648554
DB00302,C0014175,0.24070633770989727
DB00305,C0281361,0.6469853993812216
DB00306,C0917801,2.4262409662939857
DB00309,C0242379,0.17163145205901056
DB00309,C0023473,0.3999421692609652
DB00309,C0025202,0.2437247642693096
DB00309,C0023449,0.9249659573842762
DB00310,C0013604,0.6021610785280913
DB00310,C0020538,2.4408373484655983
DB00312,C0014544,2.5103606184142646
DB00312,C0038220,2.659412772901086
DB00312,C0917801,2.4262409662939857
DB00313,C0014544,2.1335594206475235
DB00313,C0014553,0.32197505371494956
DB00315,C0149931,2.0312137598000573
DB00316,C0030193,2.4338802626889464
DB00316,C0003862,0.20179139412208538
DB00316,C0015967,0.9779584740870305
DB00316,C2607914,0.41309100319206293
DB00317,C0007131,2.589816172763445
DB00318,C0015967,0.49954919386033503
DB00318,C0030193,2.817155663318096
DB00320,C0149931,1.9511314095055758
DB00321,C0011581,2.90388546175535
DB00322,C0345904,0.5308460532985657
DB00323,C0030567,1.0084499378829275
DB00324,C0042164,1.3092158453436993
DB00325,C0020538,1.4106075040973087
DB00327,C0030193,2.791136451180273
DB00328,C0003873,1.1599122808213655
DB00328,C0038013,0.3746947970023321
DB00328,C0013274,0.41689564173795435
DB00328,C0029408,0.18373918570361128
DB00328,C0018099,1.1611934812464775
DB00330,C0041327,0.21246627865720535
DB00331,C0011860,3.3608136622380242
DB00332,C2607914,0.5779948862908066
DB00332,C0024117,1.1775610891644956
DB00334,C0005587,2.53488777711595
DB00334,C1269683,3.0680850486242024
DB00334,C0036341,4.218604209918386
DB00335,C0027051,1.6013430992057305
DB00335,C0020538,3.5534857456063444
DB00338,C0017168,1.5736374399473148
DB00338,C0030920,2.298210543923505
DB00338,C0038358,0.3126507094962165
DB00341,C2607914,1.1905899392561947
DB00343,C0020538,1.8668080259351856
DB00343,C0004238,1.9250193443389336
DB00344,C0011581,2.3240240177364155
DB00347,C0014544,0.8066189856136634
DB00347,C0014553,1.0140706426461858
DB00350,C0020538,2.6210751013559204
DB00351,C0476089,1.4732913512390104
DB00359,C0009324,0.15675970677403034
DB00361,C0007131,1.6159006172327468
DB00366,C0033774,0.8381627227901933
DB00366,C2607914,1.7104853219034477
DB00367,C0025323,0.1781359956025133
DB00368,C0004096,1.3487696860582563
DB00368,C0020649,2.0347469890495447
DB00368,C0006267,0.7468780520783329
DB00368,C0030567,0.7914601021890281
DB00370,C1269683,3.0740405944330083
DB00371,C0003467,2.350305932434869
DB00373,C0020538,1.381743115457678
DB00374,C2973725,1.1948600550620843
DB00376,C0242422,1.2010604222248178
DB00376,C0030567,0.3139154445146359
DB00379,C0085612,0.754557866845572
DB00381,C0038454,0.8016942156086361
DB00381,C0020538,2.765443537515539
DB00381,C0002962,0.37090826983921954
DB00384,C0020538,2.637323934076083
DB00384,C0013604,0.8141918566676172
DB00385,C0005684,0.7644784444040315
DB00387,C0030567,0.2319657803853337
DB00388,C0015967,1.2753324139615603
DB00389,C0020550,0.4673672691942433
DB00389,C0018213,1.3164635831366596
DB00390,C0004238,1.29415087853507
DB00391,C0036341,2.0231701200421375
DB00393,C0038525,0.8193373924552192
DB00394,C0035455,0.6891425662522099
DB00394,C0004096,1.3337283288005466
DB00396,C0476089,1.4305408690529196
DB00396,C0014175,1.5737307255334387
DB00398,C0007134,1.9967401639092817
DB00398,C2239176,3.436025311321886
DB00399,C0029456,0.4813485075415045
DB00401,C0020538,2.366050144933379
DB00402,C0917801,2.2500177955479352
DB00404,C0003467,1.6734192407150983
DB00405,C0033774,0.8381627227901933
DB00405,C2607914,1.7104853219034477
DB00408,C0036341,2.6133782053524137
DB00408,C0005586,2.7033794902693296
DB00411,C0017612,0.18502238301475082
DB00413,C0035258,2.251079526993795
DB00413,C0030567,1.6196151101416185
DB00418,C0014544,1.8850126843113477
DB00418,C0038220,1.6941191002534157
DB00418,C0917801,1.4796742080744507
DB00420,C0042963,0.14603892686665176
DB00420,C0033774,0.7191910470707987
DB00420,C0033975,1.0263532996850298
DB00420,C0036341,3.2105624632475274
DB00421,C0020538,3.5180343217921406
DB00421,C0003962,0.1922205934307004
DB00421,C0013604,1.4119872146711616
DB00421,C0020428,0.594630121234586
DB00422,C1263846,0.8968526033123849
DB00425,C0917801,0.6203328430058995
DB00427,C0033774,0.8381627227901933
DB00427,C2607914,1.7104853219034477
DB00432,C0007102,1.0611114952642136
DB00433,C0036341,2.889345709412705
DB00434,C2607914,0.49195029684096414
DB00434,C0033774,1.4704041736835631
DB00435,C0020542,0.16679749433303273
DB00436,C0020538,1.7848717901912639
DB00437,C0018099,0.6373757888320504
DB00437,C0003868,0.11329260177776827
DB00437,C0740394,0.7193025304643033
DB00441,C0007131,2.368571706033408
DB00441,C0281361,1.563762300883319
DB00441,C1140680,0.9260363616909396
DB00441,C0278488,1.4555407890016538
DB00443,C0015397,0.5011944698640435
DB00443,C0027726,0.7585371933980972
DB00443,C0024141,0.8213704382758682
DB00443,C0021390,0.4581644344914241
DB00443,C0036508,0.361376291600161
DB00443,C0001627,1.0264606164572752
DB00443,C0004096,0.995713004473068
DB00443,C0003873,1.383456354639154
DB00443,C0024301,0.3732442781875608
DB00443,C0011606,0.3055420523396133
DB00443,C0011616,0.6188689982992455
DB00443,C0004364,1.0593926211118347
DB00443,C0026769,0.7416966149030898
DB00443,C0024138,0.44310146760888386
DB00443,C0002880,0.2983054290110338
DB00443,C0023449,0.40995161606496205
DB00443,C0001403,0.08893397408984682
DB00443,C0003872,0.16437997846491695
DB00443,C0003868,0.41779995272578085
DB00443,C0038013,0.6723314898156527
DB00444,C0023449,1.3999544954095366
DB00445,C0678222,3.3741703230161977
DB00448,C0038358,0.08344631022958547
DB00448,C0017168,1.3614935875935972
DB00448,C0030920,1.9026954631688522
DB00449,C0017612,0.1730280810087005
DB00451,C0007115,1.6264423010445002
DB00451,C0020473,1.5101612776787796
DB00451,C0010308,1.8428149026547065
DB00451,C0020676,1.2644275579037325
DB00451,C0018021,0.9931885718179249
DB00454,C0030193,1.2770045727936987
DB00457,C0020538,1.955686154531899
DB00458,C0011581,2.675241661966205
DB00459,C0033860,1.1545950323786252
DB00461,C0029408,0.5262709915420848
DB00461,C0003873,0.9667050346033644
DB00469,C0003864,0.8433894277821687
DB00472,C0011581,4.399263059081306
DB00472,C1269683,2.7963952179623752
DB00472,C0005587,2.3701313986636294
DB00475,C0003467,1.9628292799043527
DB00476,C1269683,1.3887469569439572
DB00477,C0036341,3.202613700330713
DB00477,C0027498,0.3991827814731609
DB00477,C0033975,2.1183814625749484
DB00480,C0026764,3.1659764675714643
DB00480,C0334634,1.140574513832654
DB00482,C0003873,1.0068998505437625
DB00482,C0038013,1.300148580006351
DB00482,C0029408,1.4135748350423358
DB00484,C0017612,0.1272865332498519
DB00491,C0011860,0.8449917220952977
DB00492,C0020538,1.1313250615258525
DB00494,C0030567,0.9739640075945716
DB00495,C0019693,0.5119954487619227
DB00499,C0033578,2.498367227992332
DB00500,C0029408,0.8092412765415304
DB00500,C0003873,2.1162775359862023
DB00501,C0017168,0.14505438909347773
DB00502,C0036341,5.449993691083299
DB00502,C0033975,2.595734595514232
DB00503,C0019693,0.6522952900068497
DB00503,C0524910,0.2140900210376176
DB00508,C0033975,0.5258964003911977
DB00508,C0042963,0.3185520861885892
DB00508,C0027498,0.22339191310022524
DB00509,C0020473,0.5794671680363608
DB00514,C0015967,0.32945404897657854
DB00515,C1140680,2.894106819450877
DB00515,C1336708,0.450088204841288
DB00519,C0020538,0.37641901558260515
DB00521,C0020538,1.4524084643714177
DB00524,C0020538,1.5805972704650926
DB00527,C0033774,2.034300158657421
DB00528,C0020538,0.6549229436029792
DB00530,C0007131,3.1897448213085395
DB00530,C0281361,1.7668693779780846
DB00531,C0024299,0.7396029572073686
DB00531,C0026764,1.2243604853422414
DB00531,C0027819,0.5956486286535455
DB00531,C0035335,0.8640569089296822
DB00539,C0278488,0.771611676113893
DB00540,C0011581,2.804791448815612
DB00541,C0035412,0.3787070261391009
DB00541,C0027708,0.7509009548705834
DB00541,C0024301,1.1275069099071569
DB00541,C0023449,1.8483501460812268
DB00541,C0079744,0.7726762495828425
DB00541,C0006413,0.9838255158919583
DB00541,C0019829,0.6962622453684693
DB00541,C0027819,2.071762638659772
DB00541,C0024305,1.3107962955129775
DB00542,C0020538,1.792948948797297
DB00543,C0011581,3.1015593494153086
DB00544,C0281361,1.5151273586435146
DB00544,C0007102,3.417205302397199
DB00544,C0278488,1.2123563335373415
DB00544,C0024623,3.3597886781854562
DB00545,C0026896,0.4136564307213046
DB00547,C0011616,0.6358823838714855
DB00547,C0079773,0.15902125229338782
DB00547,C0036508,0.3151117490544252
DB00554,C0003873,0.26091344976910846
DB00555,C0014544,2.7306747004186653
DB00555,C0494475,1.8009910059861243
DB00557,C0033774,1.5143340259647102
DB00559,C2973725,0.34351561182544554
DB00559,C0020542,0.9892673538670782
DB00561,C0235063,0.3444107101244274
DB00563,C0033860,0.2076198627597196
DB00563,C0278996,0.15481744760905639
DB00563,C0024305,0.7522263217416213
DB00563,C0023449,1.3236823886655302
DB00563,C0242379,1.4316252489560108
DB00563,C0006413,0.6429730060811387
DB00563,C0003873,2.7155401874288816
DB00564,C0014544,2.865015497612734
DB00564,C0494475,1.2388503476719837
DB00568,C0042571,0.3129414479371266
DB00568,C0027497,0.49503816187649907
DB00569,C0149871,3.1975993127907563
DB00570,C0019829,0.58423160433597
DB00570,C0278488,0.35143123459893455
DB00570,C0024305,0.8203296380868581
DB00571,C0004238,0.9708052774255411
DB00571,C0020538,2.1953365034718706
DB00573,C0003873,1.9823967426387763
DB00573,C0029408,1.3994486978155438
DB00573,C0030193,2.218683690580642
DB00575,C0020538,2.422118438519059
DB00579,C0028754,0.47361759238264123
DB00581,C0019151,0.6151103936655524
DB00584,C0020538,3.139648599305292
DB00584,C0018802,2.495924920858011
DB00585,C0030920,0.5451354109861971
DB00585,C0017168,1.1530852653734547
DB00585,C0038358,0.26857303813944183
DB00586,C0003873,1.5139436125972585
DB00586,C0038013,0.27525547000561545
DB00586,C0030193,1.5032177961767734
DB00588,C0036508,0.3329425797693994
DB00588,C2607914,0.10308254523239621
DB00588,C0079773,0.09080351715824328
DB00588,C0024138,0.3236032932147219
DB00588,C0011616,0.10616713221318166
DB00588,C0034067,0.19759234583091978
DB00589,C0149931,1.5372900270961467
DB00590,C0020538,1.1863153919094114
DB00591,C0079773,0.1613184955162743
DB00591,C0024138,0.4743563581312669
DB00591,C0011616,0.11793356598470008
DB00591,C0011615,0.07384265212058315
DB00591,C0036508,0.48300498573707906
DB00593,C0014553,0.6666761196668486
DB00594,C0013604,1.1239407055462476
DB00594,C0020538,1.8243271941528474
DB00595,C0035021,0.1511082483156247
DB00595,C0037199,0.10611034560390589
DB00595,C0032285,0.15193116122588596
DB00596,C0036508,0.48300498573707906
DB00596,C0024138,0.4743563581312669
DB00596,C0079773,0.1613184955162743
DB00596,C0011616,0.11793356598470008
DB00598,C0020538,2.3453919303272257
DB00599,C0014544,1.8036116500693158
DB00603,C0014175,1.3476324221161038
DB00603,C0476089,1.5716814527337681
DB00603,C0232940,0.8687590717435314
DB00604,C0017168,0.30159922346105267
DB00605,C0038013,0.31504554346642594
DB00605,C0003873,0.6946226985775661
DB00608,C0003873,0.42712935082939985
DB00608,C0024141,1.0092710471682054
DB00608,C0024138,1.0589146344335796
DB00611,C0030193,1.9877978733235186
DB00612,C0020538,0.9027108688944228
DB00617,C0014544,1.181780306091401
DB00617,C0014553,1.0630049028143906
DB00618,C0037199,0.09845154243799588
DB00618,C0032285,0.29319884770128046
DB00618,C0035021,0.498544315036512
DB00619,C0238198,1.2846143189235217
DB00620,C0021390,0.7433590980884658
DB00620,C0042164,1.4179868687304331
DB00620,C0022548,0.8748269790892844
DB00620,C0011616,0.9960288234203081
DB00620,C0003868,0.6213617999843881
DB00620,C0004364,0.5528259471813108
DB00620,C0002880,1.0809903432335113
DB00620,C0010346,0.7503996947853376
DB00620,C0004096,0.3493122384259611
DB00620,C0040147,0.25594466141257344
DB00620,C0036202,0.11137157744148701
DB00620,C0026769,1.1968300417582554
DB00620,C0024141,0.240074787977197
DB00620,C0027726,1.0717042312609038
DB00620,C0079773,0.11065699147243584
DB00620,C0003873,1.1094904916969366
DB00620,C0038013,0.27754213685498424
DB00620,C0001627,1.9654374154378766
DB00622,C0020538,2.3480820923624304
DB00623,C0036341,2.236256437022506
DB00623,C0033975,1.1389137265672298
DB00624,C0948896,0.5506779119078049
DB00624,C0010417,1.2941753983672237
DB00624,C0034012,0.6659575390571528
DB00624,C0020635,1.0221955432446146
DB00625,C0019693,0.3596161976899159
DB00627,C0020473,0.06787314287559498
DB00628,C0003467,1.9800460612170696
DB00629,C0020538,0.2940800572627312
DB00631,C0023449,1.6135419044031862
DB00635,C0023449,1.8160718922932824
DB00635,C0010346,1.2615037710606387
DB00635,C0024305,0.33947338857457865
DB00635,C0011616,0.49100688197798714
DB00635,C0027726,0.9636989789222692
DB00635,C2607914,0.20761466903201053
DB00635,C0002880,1.2304223295027328
DB00635,C0004096,0.5815618211350344
DB00635,C0040147,0.7039121242170707
DB00635,C0019829,0.4428958665210281
DB00635,C0024141,0.12866345435024756
DB00635,C0037274,0.6120338146407187
DB00635,C0079773,0.5357356953944242
DB00635,C0026769,1.411867688143852
DB00635,C0079744,0.09555609330984625
DB00635,C0003873,1.5880403626019026
DB00635,C0038013,0.22623347627194385
DB00635,C0003868,0.5743634821679182
DB00635,C0004364,0.961098483497271
DB00635,C0021390,1.453773815432521
DB00636,C0020473,1.1674599002569637
DB00637,C2607914,0.3256914436221182
DB00641,C0038454,2.069005576165397
DB00641,C0003850,2.559615212889438
DB00641,C0020443,1.923054363320961
DB00641,C0020557,2.3313994446214727
DB00642,C0007131,1.4126724475447698
DB00645,C0033774,1.0902735545532745
DB00647,C0030193,2.0392681704954225
DB00649,C0019693,0.5202986463541298
DB00650,C0002888,0.6473091498485848
DB00651,C0004096,1.5151519036647483
DB00652,C0030193,2.460431423028695
DB00654,C0017612,0.9012285866498339
DB00656,C1269683,2.0383217516175143
DB00657,C0020538,0.7548901976690139
DB00659,C0001973,1.470567051486056
DB00661,C0004238,1.175626344596942
DB00661,C0020538,2.5744958025815423
DB00661,C0002962,0.966855718719689
DB00663,C0036508,0.32301992324325507
DB00663,C0024138,0.32149163922425966
DB00663,C0079773,0.0975279874273818
DB00663,C0011616,0.11138061510965544
DB00667,C0029408,0.4452648100256989
DB00668,C0020649,2.012925476718521
DB00668,C0006267,1.1658075700079857
DB00668,C0013404,0.4780820653922503
DB00668,C0004096,1.270879968303333
DB00668,C0034067,0.06695412971667263
DB00669,C0149931,2.356329291589846
DB00670,C0030920,0.17992437511236473
DB00672,C0011860,1.9706919786836883
DB00674,C0002395,2.848638201887708
DB00678,C0011881,0.4130569710078721
DB00678,C0020538,1.8762141868913644
DB00680,C0085612,1.7128915387320276
DB00681,C0035021,0.6748247314411056
DB00682,C0040053,4.076195824665782
DB00682,C0040038,0.9105436360980652
DB00682,C0149871,1.199342240772138
DB00683,C0085631,0.07946972494382998
DB00683,C0003467,1.244463592993221
DB00687,C0001403,0.20442090128706364
DB00690,C0917801,2.1858179970476406
DB00691,C0020538,1.1313250615258525
DB00694,C0023449,1.8687778775657726
DB00694,C0023487,1.1401056021718927
DB00694,C0023465,1.3823444743408797
DB00694,C0023467,2.3482669029048484
DB00695,C0013604,1.3409997217453473
DB00695,C0020538,2.5118430600449284
DB00696,C0149931,2.2268166855596245
DB00697,C0026838,1.1039900083321583
DB00700,C0020538,2.1833860773687377
DB00701,C0019693,0.6478641017606283
DB00703,C0017612,0.08607480635700986
DB00704,C0001973,2.862846181041026
DB00704,C0028754,0.26604054063576965
DB00705,C0019693,0.7307064803465011
DB00709,C0019693,0.6325209854052357
DB00709,C0524909,0.40394603301742354
DB00710,C0020437,1.3293375238610194
DB00712,C0003873,1.0461713399124437
DB00714,C0030567,2.731307394517325
DB00715,C1269683,3.5318170927727053
DB00715,C0038436,1.15217422195257
DB00715,C0011581,3.7123388095443146
DB00716,C0004096,2.4196331132134223
DB00717,C0232940,0.2847812903832152
DB00717,C0025323,0.27714019514051036
DB00717,C0271578,0.5625519134737791
DB00717,C0014175,0.6233927768261253
DB00718,C0524909,1.1037739954683934
DB00719,C0033774,1.9473510866734318
DB00719,C2607914,2.480874425610108
DB00722,C0027051,2.5308625074187736
DB00722,C0020538,2.437941407281801
DB00725,C0030920,2.1881842579152964
DB00726,C0011581,2.914458614979557
DB00731,C0011860,2.133216808336517
DB00734,C0036341,3.9615759181949977
DB00734,C0004352,1.6676298737811424
DB00736,C0017168,1.055407685646076
DB00736,C0030920,1.2962766957371763
DB00740,C0002736,1.029119808084386
DB00741,C0006114,0.38192480602595225
DB00741,C0027726,2.162165277256433
DB00741,C0010346,1.6866145728191957
DB00741,C0024141,1.0183954552363046
DB00741,C0003873,2.3487778842377773
DB00741,C0042164,1.625377160821252
DB00741,C0021390,1.892029676234539
DB00741,C0022568,1.4453675554168135
DB00741,C0015230,0.7919607546962937
DB00741,C0026769,1.7669884280843478
DB00741,C0033860,1.2533839013294883
DB00741,C0023449,1.2680679762428873
DB00741,C0036508,0.7645647487063587
DB00741,C0019829,0.5804492833149146
DB00741,C0024305,0.8206529512196779
DB00741,C0040147,0.6412052633764783
DB00741,C0011615,1.2045933874232602
DB00741,C0004096,2.8218787500057885
DB00741,C0003868,1.3248034238914828
DB00741,C0079773,0.635016940068317
DB00741,C2607914,0.39363450356635477
DB00741,C0004364,1.1213743660793676
DB00741,C0011616,0.1798337938779797
DB00741,C0009324,2.5179233056969124
DB00741,C0002880,0.6345052651671006
DB00741,C0036202,0.6052054111876436
DB00741,C0038013,1.0814603697282077
DB00742,C0028840,1.5226231094205498
DB00742,C0010674,0.2774017129457946
DB00747,C0042164,0.7865248048857594
DB00747,C0030920,0.09225514472682693
DB00747,C0022104,0.10464756405014346
DB00748,C0033774,1.4938943748338143
DB00748,C0042109,0.9067392963467774
DB00748,C2607914,1.6233674253226245
DB00749,C0030193,1.9824561619412016
DB00749,C0029408,1.8818009324319052
DB00749,C0003873,1.862802670377182
DB00752,C1269683,1.6570911687952403
DB00755,C0023487,1.9820378351645143
DB00755,C0870082,0.19962599010936471
DB00758,C0948089,2.71911870664412
DB00759,C0035021,1.0456911613499387
DB00759,C0032285,0.5258838119313453
DB00763,C0020550,0.30946264620928937
DB00764,C0036508,0.10954064836406557
DB00764,C0004096,1.0971308216519113
DB00764,C2607914,0.466803575802868
DB00764,C0015230,0.2749183098275348
DB00764,C0011616,0.44890543161467117
DB00764,C0024138,0.13874010909390788
DB00768,C2607914,2.480874425610108
DB00771,C0022104,0.13211762593513265
DB00773,C0149925,1.5136635330458177
DB00774,C0020538,1.7848717901912639
DB00774,C0013604,0.7460927816422906
DB00775,C0948089,1.9051973919868264
DB00780,C0011581,2.3153115887968556
DB00782,C0030920,0.3598784750762489
DB00783,C0278488,0.9597489906991745
DB00784,C0030193,2.009600254982614
DB00788,C0003862,0.22207568031073083
DB00788,C0003873,1.4633092133063301
DB00788,C0029408,0.6373452370838375
DB00788,C0015967,1.4434015529382194
DB00788,C0030193,2.4990471407585373
DB00788,C0018099,0.07956542824733458
DB00788,C0038013,0.9395016694853562
DB00790,C0020538,1.7878732080415867
DB00791,C0024305,0.1848282915992545
DB00791,C0023473,0.09815690880987755
DB00791,C0023434,1.6472030143599161
DB00792,C0033774,1.9473510866734318
DB00792,C2607914,2.480874425610108
DB00794,C0014544,3.928562292669803
DB00794,C0494475,4.090663363824859
DB00795,C0003873,2.1235769244218954
DB00795,C0009324,0.7017483661804366
DB00796,C0020538,1.9400624765581906
DB00801,C0003467,1.9800460612170696
DB00808,C0020538,1.4175937062789108
DB00808,C0013604,0.4516715743380735
DB00810,C0030567,0.09228170313727878
DB00811,C0524910,1.6443938048242162
DB00813,C0030193,2.180105169304586
DB00814,C0003873,0.4372139835626927
DB00814,C0029408,0.25325545916817416
DB00816,C0004096,1.3404382072093877
DB00819,C0014553,0.29346285401394606
DB00819,C0013604,0.7079479251211392
DB00820,C0020542,1.5120029459901496
DB00820,C0242350,0.5492190945940734
DB00822,C0001973,2.0001293919659324
DB00825,C0033774,1.473395799930497
DB00825,C0036508,0.40191972527566133
DB00829,C0038220,1.647360415274698
DB00829,C0003467,1.785221452404595
DB00829,C0026838,0.6881779135204789
DB00831,C0036341,2.8905293342908007
DB00831,C0003467,0.4614437243743363
DB00832,C0014544,1.181780306091401
DB00832,C0014553,1.0630049028143906
DB00833,C0032285,0.5542234790292286
DB00835,C2607914,2.480874425610108
DB00835,C0033774,1.9473510866734318
DB00836,C0011991,0.2313691379402054
DB00838,C0015230,0.254218028154981
DB00839,C0011860,1.2552144682053121
DB00841,C1961112,1.0975946203637372
DB00842,C0003467,1.9517578832043718
DB00843,C0002395,2.6636317765894004
DB00844,C0030193,2.7616693851393936
DB00846,C0024138,0.9040569707212045
DB00846,C0011616,0.6098785470612058
DB00846,C0036508,0.3590116636797569
DB00846,C0011615,0.47118630156214847
DB00849,C0014544,2.4029857466875852
DB00849,C0003467,0.6879355168326438
DB00850,C0027498,0.45561005679745914
DB00850,C0036341,2.3981296555776317
DB00851,C0019829,0.4393310497309886
DB00853,C0334579,2.0087031958440464
DB00854,C0030193,1.5386031429541447
DB00858,C1260899,0.0837888821512052
DB00858,C0002874,0.2992935792457083
DB00859,C0003873,1.1410528766099306
DB00859,C0019202,0.9733259165183848
DB00860,C0011615,0.40236450492924125
DB00860,C0024138,0.2706002709284504
DB00860,C0079773,0.4562151905682977
DB00860,C0011616,1.4398298990501512
DB00860,C0015230,0.7411987705439442
DB00860,C0036508,0.22292331196001855
DB00860,C0009324,1.09033226943005
DB00860,C0003868,0.23457855505251324
DB00860,C0026769,0.25023749686956304
DB00860,C0027726,0.85295100232158
DB00860,C0038325,0.7641011323982152
DB00860,C0024301,0.09513905899353728
DB00860,C0021390,1.5784819423433134
DB00860,C0022568,0.7622475405318445
DB00860,C0038013,0.3053202012551281
DB00860,C0010346,1.329327251493639
DB00860,C0042164,1.267395859496927
DB00860,C0024305,0.40975359124434313
DB00860,C0023449,0.8327302842505454
DB00860,C0024141,0.5953337078272942
DB00860,C0004364,1.4685785564619498
DB00860,C0004096,0.6657009491913547
DB00860,C0040147,0.9634333031816151
DB00860,C0003873,1.1025672092312833
DB00860,C0002880,1.2129009861557467
DB00860,C0037274,0.14829902271102866
DB00860,C0001627,0.9150109007526038
DB00860,C0034069,0.9739349089956951
DB00861,C0029408,1.8765946940016838
DB00861,C0003873,1.7875266063014694
DB00861,C0030193,1.870717567878886
DB00862,C0242350,0.8998178943762309
DB00863,C0017168,0.31233315033098746
DB00865,C0028754,0.09310208715077198
DB00871,C0004096,1.3404382072093877
DB00872,C0020625,2.5756523326955008
DB00875,C0036341,1.5906657917416958
DB00876,C0020538,1.8933786470106684
DB00877,C0007134,2.7413501187017033
DB00877,C0334634,1.6727578992495284
DB00878,C0017574,0.40267429847483927
DB00880,C0013604,0.6947054282020129
DB00880,C0020538,1.1250527130928052
DB00881,C0020538,1.191483649115718
DB00882,C0021361,1.2820564746910024
DB00884,C0029456,1.7865890392136912
DB00885,C0004096,0.24215213530935595
DB00885,C2607914,2.480874425610108
DB00887,C0013604,1.1110523579710396
DB00888,C0019829,0.34097990966279146
DB00888,C0242379,1.7813728749830862
DB00888,C0024305,1.1798951171299994
DB00888,C0079773,0.5803180803461648
DB00888,C0023434,0.19880879555454667
DB00888,C0023473,1.1336700836561657
DB00896,C0042164,1.0629380479561408
DB00897,C0917801,1.9348686150864092
DB00902,C0033774,1.9473510866734318
DB00902,C2607914,2.480874425610108
DB00905,C0017612,1.1408472737848967
DB00912,C0011860,2.784286144953592
DB00918,C0149931,2.2268166855596245
DB00922,C0018802,0.5073331190036593
DB00927,C0017168,1.1321507639095714
DB00933,C0036341,1.2779216802684343
DB00934,C0011581,2.339043513478495
DB00940,C0030920,0.25504654346405886
DB00945,C0003873,2.0634076180099226
DB00945,C0149931,0.9001779818286002
DB00945,C0004604,0.07579033996658087
DB00945,C0029408,0.949564048535102
DB00945,C0030193,1.964882721062461
DB00945,C0027051,2.1884883496086416
DB00945,C0003862,1.4943400226420636
DB00946,C0040053,2.6076820462658694
DB00946,C0027051,0.07094895667355144
DB00946,C0040038,0.46401525452886394
DB00949,C0014544,2.425128299922699
DB00950,C2607914,1.2741459765923997
DB00952,C0149931,2.572186691393348
DB00953,C0149931,2.2268166855596245
DB00956,C0030193,2.791136451180273
DB00958,C1140680,2.8114390645960547
DB00959,C0004096,2.565498674934432
DB00959,C0003873,2.5823465534853858
DB00959,C0001627,1.1192561542422288
DB00959,C0037274,0.8726963134235822
DB00959,C0011606,0.33090563832724784
DB00959,C0026769,2.5185357677528386
DB00959,C0003868,0.634161633566945
DB00959,C0040147,1.3755984986775864
DB00959,C0002880,2.301629541129712
DB00959,C0079773,1.4603742485918612
DB00959,C0019829,1.3398686130588868
DB00959,C0006114,0.17509312608107053
DB00959,C0024301,0.6412736695346174
DB00959,C0024305,1.3228583448524378
DB00959,C0015230,0.9986157805834218
DB00959,C0023449,1.7987156633653711
DB00959,C0024138,0.8104612549078227
DB00959,C2607914,1.25704307424155
DB00959,C0024141,2.060830613139156
DB00959,C0036508,0.7387196791013007
DB00959,C0036202,0.6373554747076594
DB00959,C0011616,0.977474436383759
DB00959,C1260899,0.29342128508331616
DB00959,C0027726,0.564443341944002
DB00959,C0038013,1.171062760375029
DB00959,C0010346,1.7430075197704662
DB00959,C0004364,2.0420610188551063
DB00959,C0033860,1.5198442892069266
DB00959,C0021390,1.88915300730267
DB00959,C0011615,1.580639317553947
DB00960,C0020538,1.8448176203888003
DB00963,C0030193,2.218683690580642
DB00964,C0017612,0.2534146719595343
DB00966,C0020538,1.0427077836580994
DB00966,C0038454,0.5983947916593079
DB00967,C2607914,1.8258023565736996
DB00968,C0020538,1.9856070952213982
DB00970,C0027708,0.0834529088999435
DB00970,C0035412,0.5166125858363994
DB00970,C0553580,0.9337549194346147
DB00972,C2607914,2.480874425610108
DB00973,C0020443,0.814516345869894
DB00975,C0004238,0.6069584634471591
DB00982,C0020538,2.1202462609761303
DB00986,C0030920,0.10332353567469885
DB00987,C0023487,0.7988096898552952
DB00987,C0023467,1.0901602840379767
DB00987,C0023449,1.9460508506868837
DB00988,C0020649,2.8227792322534624
DB00988,C0242422,0.6426766422238046
DB00988,C0030567,1.4927146503544606
DB00989,C0002395,2.4046814573094775
DB00991,C0029408,1.3994486978155438
DB00991,C0003873,1.9823967426387763
DB00993,C0003873,1.5786454442269768
DB00997,C0019829,0.7337736538557401
DB00997,C0278488,1.3585842779570576
DB00997,C0026764,1.0913822310611556
DB00997,C0585442,1.205187982604201
DB00997,C0079744,1.2648296147062439
DB00997,C0024301,0.9032616229160041
DB00997,C0023467,1.5876366667720163
DB00997,C0027708,0.9381176854538013
DB00997,C0024305,1.0628692578816799
DB00997,C0678222,5.501135996467929
DB00997,C0242379,3.6403780075291556
DB00997,C0149925,1.596897849372774
DB00997,C0023449,1.6818180421573736
DB00997,C0006413,1.0546638938074109
DB00997,C0007115,1.600222196873889
DB00997,C0027819,1.5719490137467678
DB00997,C1140680,2.4236033465080853
DB00998,C0149931,2.2268166855596245
DB00999,C0020538,2.405492147870134
DB00999,C0013604,1.3291077981489885
DB01005,C0278996,0.41497202466361616
DB01005,C0023473,0.8424472780190175
DB01005,C0002895,0.25988768528935635
DB01005,C0025202,1.0449246580813427
DB01009,C0029408,0.5413748559359859
DB01009,C0030193,2.861889143228741
DB01009,C0003873,1.397748360654536
DB01013,C0036508,0.4165359681682262
DB01014,C0009324,2.3984649756499925
DB01016,C0011860,1.8066287641908039
DB01017,C0035021,0.46920989555924036
DB01018,C0020538,1.9487864559937909
DB01018,C1263846,0.2272064483487703
DB01021,C0020538,1.1813473579223914
DB01023,C0020538,2.5950770476109617
DB01029,C0020538,2.853090092951882
DB01029,C0011881,1.5696956294893143
DB01030,C1140680,2.456044724777789
DB01030,C0149925,2.296439450202622
DB01030,C0007847,1.1864778927442943
DB01032,C0003868,1.4082064948938608
DB01033,C0023487,0.08181886592300942
DB01033,C0023449,1.1815274429065519
DB01037,C1269683,2.086827180294103
DB01037,C0030567,1.7592434522073384
DB01039,C0020443,2.515048863827147
DB01039,C0020473,2.682583261654067
DB01039,C0020557,3.60398869655214
DB01041,C0026764,1.033005363075262
DB01042,C1140680,1.692349860535676
DB01042,C0026764,1.1319428145914519
DB01047,C0036508,0.3590116636797569
DB01047,C0011616,0.6098785470612058
DB01047,C0024138,0.9040569707212045
DB01048,C0019693,0.5555890984843218
DB01050,C0003873,0.995346450375863
DB01050,C0030193,2.7137901678477334
DB01050,C0015967,1.76419384384962
DB01050,C0029408,0.38300938049297123
DB01056,C0085612,1.2781541550645357
DB01057,C0017601,0.6358945224022547
DB01059,C0032285,0.643022581664837
DB01059,C0010692,0.4672346208934578
DB01062,C0005697,0.7577382244455066
DB01063,C0033975,0.5586998317300957
DB01064,C0004245,0.07841267128383468
DB01064,C0018790,1.2866330794957774
DB01067,C0011860,1.5964848600752695
DB01068,C0270846,2.633336740713313
DB01068,C0014553,2.4424107226748832
DB01069,C0042109,0.12362578688888268
DB01070,C0020598,1.2238509137292009
DB01070,C0039621,0.7288897557386993
DB01070,C0020626,0.560671765368429
DB01070,C0035579,1.5463010026571067
DB01070,C0085682,1.4748148684417726
DB01076,C0002962,1.7597149739779359
DB01076,C0020443,3.666993114257009
DB01076,C0020538,3.304782259362815
DB01076,C0038454,2.463681507041994
DB01076,C0003850,2.584819595205896
DB01076,C0020557,2.748018802541758
DB01080,C0037769,2.7941530671659907
DB01081,C0011991,0.14233978409624298
DB01083,C0028754,1.1951034736448352
DB01084,C0033774,1.9473510866734318
DB01085,C0043352,1.1980249044403648
DB01085,C0017612,1.2571110513167407
DB01085,C0028840,0.36020437877565326
DB01086,C0010200,0.1855283174115054
DB01086,C0033774,2.449890012388171
DB01088,C2973725,0.43479336118614786
DB01095,C0020443,1.3965465592494894
DB01095,C0003850,1.46123441528278
DB01097,C0003873,0.48985477037608727
DB01097,C0003872,1.2193918576746647
DB01098,C0038454,0.10842117876972007
DB01098,C0020443,0.5921904467934145
DB01098,C0020557,0.6834600813617226
DB01101,C0024623,3.421569854235295
DB01101,C0278488,1.3742148894421695
DB01104,C0011581,1.9015687612684993
DB01104,C0038436,0.934489232796212
DB01105,C0028754,0.9657221823270746
DB01107,C0917801,2.505723238439692
DB01109,C0149871,2.327229808924094
DB01109,C0012739,1.216024249231618
DB01113,C0917798,0.7213164108694657
DB01114,C0033774,0.8721535169797927
DB01115,C0020538,2.7889088097282344
DB01118,C0042510,1.546777114051789
DB01119,C0020459,1.0635422727486286
DB01120,C0011860,1.6417572134476488
DB01121,C0014544,3.4276297054184086
DB01122,C0026896,3.1357599929613857
DB01124,C0011860,1.8277889915145398
DB01129,C0017168,1.6066051653230111
DB01129,C0030920,1.7057431193098394
DB01130,C0024138,0.17055987168289005
DB01130,C0079773,0.12541182902583256
DB01130,C0011616,0.6291748415326626
DB01130,C0036508,0.18918783558767982
DB01132,C0011860,2.0142721439967186
DB01136,C0020538,2.8250833403692246
DB01138,C0740394,1.58429700517888
DB01142,C0005587,0.6586310888637034
DB01142,C0003467,0.663960944440959
DB01142,C0011581,2.821963466093196
DB01142,C0917801,0.26088580953110224
DB01142,C0033774,1.2939913426286151
DB01144,C0017612,0.13578696394383738
DB01146,C2607914,0.8528570440133038
DB01146,C0033774,1.4503334227086633
DB01148,C0085606,0.09148018878472983
DB01149,C1269683,3.573352604442175
DB01151,C0011581,3.121530342079126
DB01156,C0011581,3.6889929353077613
DB01156,C1269683,2.6632302044595306
DB01156,C0028754,1.8167446292117628
DB01158,C0042510,1.312720306492411
DB01162,C0020538,2.0123050227755392
DB01165,C0010692,0.45777199166585836
DB01168,C0019829,0.3870508007333411
DB01169,C0023487,0.3314792418844057
DB01170,C0020538,1.152377842657588
DB01171,C0011581,2.4691560513002515
DB01173,C0026838,2.0293926892073753
DB01174,C0014544,2.4460515110329366
DB01174,C0494475,2.2445728232695394
DB01175,C1269683,3.01827987862248
DB01176,C0010200,0.767148317938219
DB01176,C2607914,2.480874425610108
DB01177,C0023467,1.4169541646591548
DB01177,C0023487,0.7443165254629016
DB01182,C0235480,1.0048904872355062
DB01183,C0030193,2.3622552193835755
DB01185,C0028326,0.13151528120345693
DB01185,C0151721,0.538748242040846
DB01185,C0010417,0.7614722888352053
DB01186,C0242422,0.47654350466292955
DB01191,C0028754,1.2694887002847277
DB01192,C0030193,2.489005732486439
DB01193,C0020538,1.1968782441028019
DB01195,C0235480,1.3938585035425222
DB01196,C0033578,1.9656023839340055
DB01197,C0020538,3.82346768542324
DB01197,C0011881,3.124990050484361
DB01198,C0917801,1.1980131324541383
DB01200,C0030567,2.366731064828488
DB01201,C0041327,0.16456430867763802
DB01203,C0020538,1.7010262282672253
DB01204,C0023467,2.5265306570865755
DB01206,C0019829,0.9216630366700146
DB01206,C0006118,1.9640018172443257
DB01208,C0032285,0.47733956123672433
DB01209,C0030193,2.0282000544559575
DB01216,C4083212,0.8312400631028274
DB01219,C0024591,0.7388740812126848
DB01222,C0010346,0.34193219846491724
DB01222,C0004096,0.46324744750823343
DB01223,C0024115,1.4063555596068362
DB01223,C0004096,1.4482738427980537
DB01224,C0036341,3.732581399554047
DB01224,C0005587,2.6768581989668685
DB01224,C0005586,2.230067696791642
DB01225,C0149871,4.014685793427008
DB01229,C0017612,0.4814027743741961
DB01229,C0278488,1.7336232242385679
DB01229,C1140680,2.7090262084034653
DB01229,C0028840,0.9314740734341871
DB01229,C0007131,4.347893926031722
DB01229,C0020538,2.996405026677484
DB01229,C0678222,5.510261961047452
DB01232,C0019693,0.9768430247567039
DB01234,C0022548,1.2787103924882457
DB01234,C0015230,0.3890842921401284
DB01234,C0004096,1.3632806737744816
DB01234,C0002880,1.0440976158991475
DB01234,C2607914,0.2781353279618648
DB01234,C0021390,1.0253542773222952
DB01234,C0038013,0.48115983481825875
DB01234,C0010346,1.0752696282683711
DB01234,C0011615,0.1805455608415489
DB01234,C0019829,1.2195981944573728
DB01234,C0033860,0.2052956068543532
DB01234,C0036508,0.629021289769874
DB01234,C0003873,1.136858288523094
DB01234,C0036202,0.40968092769739795
DB01234,C0040147,0.8741417509929152
DB01234,C0026764,0.4729104736729119
DB01234,C0011616,1.2162868045664195
DB01234,C0024305,0.3139103402515901
DB01234,C0023449,0.6294171669962025
DB01234,C0079773,0.476583631301585
DB01234,C0026769,1.4600497667725905
DB01234,C0024141,0.08524620028038526
DB01234,C0003868,1.0030550275980497
DB01234,C0027726,0.6846682708043037
DB01234,C0042164,1.3315012662630523
DB01234,C0079744,0.9240996984103651
DB01235,C0242422,1.2146247982363847
DB01235,C0030567,2.3134739746244746
DB01237,C0010200,0.767148317938219
DB01238,C0004352,1.1329769518345205
DB01238,C0036341,2.7875622067256205
DB01239,C0036341,2.554345299939458
DB01240,C2973725,0.4122689336816856
DB01240,C0020542,0.2974410362005114
DB01240,C0010200,0.4990014521052801
DB01240,C0035455,0.8500328943131317
DB01241,C0020557,2.29738980509142
DB01244,C0002962,0.4340851862722385
DB01246,C2607914,2.480874425610108
DB01246,C0033774,1.9473510866734318
DB01247,C1269683,1.2558221369530416
DB01248,C0278996,1.6426122146400002
DB01248,C0678222,4.309382471115329
DB01248,C0007131,3.704330345033662
DB01248,C0278488,1.5229286981269743
DB01248,C0024623,2.551829604854996
DB01248,C0376358,4.594199433578699
DB01251,C0011860,1.2083586189564526
DB01252,C0011860,0.9197838249035675
DB01255,C1263846,0.5511288859035802
DB01260,C0036508,0.3010686002915909
DB01260,C2607914,0.4796980968741364
DB01260,C0015230,0.2369225644080945
DB01260,C0024138,0.28681638042799046
DB01260,C0011616,0.45992671464009105
DB01260,C0004096,0.6759583468753156
DB01261,C0011860,2.3902818500589644
DB01262,C0023467,2.8693400339915627
DB01267,C0036337,1.0693956833526532
DB01267,C0036341,2.3136895110671927
DB01267,C0033975,1.576418708278933
DB01268,C0238198,1.7393962799403724
DB01268,C0007134,2.6852909300998364
DB01270,C0271084,4.866473427668011
DB01270,C0011884,1.6670205920637071
DB01274,C0024117,0.4022718460300547
DB01275,C0020538,1.8780664797829396
DB01280,C1961099,0.5535631195034824
DB01281,C0003873,1.0613529182638202
DB01281,C3495559,1.8782302009853162
DB01283,C0029408,0.3065542134133087
DB01285,C0037769,0.4767976759427579
DB01285,C0038325,0.5100050745455933
DB01291,C0024115,2.0553031626928187
DB01291,C0004096,1.3404382072093877
DB01306,C0011849,1.4632292748925186
DB01307,C0011849,1.4632292748925186
DB01309,C0011849,1.4632292748925186
DB01320,C0038220,0.41292816100171753
DB01320,C0014544,1.067944365436035
DB01324,C0020538,1.10145730671008
DB01326,C0032285,0.47798982211288293
DB01328,C0032285,0.0674155780267624
DB01333,C0032285,0.5054072787758681
DB01340,C0020538,1.1313250615258525
DB01348,C0020538,1.1313250615258525
DB01349,C0020538,1.8933786470106684
DB01351,C0014544,0.6793234442276678
DB01351,C0917801,1.5372201799489167
DB01351,C0038220,1.4401395288667298
DB01353,C0917801,1.4821891978646737
DB01356,C0005586,4.750649412819892
DB01356,C0030193,1.5010436129011009
DB01356,C0015967,1.6531541516454364
DB01356,C0029408,0.2814704637722051
DB01356,C0003873,1.0753440294275383
DB01357,C0014175,0.3133150519366563
DB01359,C0020538,1.4524084643714177
DB01364,C0020649,2.056310683329975
DB01365,C0020649,2.0422890282353445
DB01367,C0030567,2.077720210452336
DB01380,C0004096,1.3562710153479116
DB01380,C1260899,0.07791854491974859
DB01380,C0024141,1.248115741626332
DB01380,C0002880,0.19585161276867788
DB01380,C0079773,0.09080351715824328
DB01380,C0024301,0.11022804228701588
DB01380,C0001627,1.1756992856580613
DB01380,C0036508,0.3329425797693994
DB01380,C0042164,1.5213676730812826
DB01380,C0001403,0.3538616702935925
DB01380,C0037274,0.08600175498509235
DB01380,C0011606,0.26278233531565937
DB01380,C0022568,0.19097611130115014
DB01380,C0040147,0.10036598504140391
DB01380,C0023449,2.075856384002205
DB01380,C0024138,0.3236032932147219
DB01380,C0011616,0.10616713221318166
DB01380,C0003873,1.0763896646170155
DB01380,C2607914,0.10308254523239621
DB01380,C0003872,0.2413757483669409
DB01393,C0020473,0.5704883789080436
DB01399,C0003873,1.9823967426387763
DB01399,C0029408,1.3994486978155438
DB01400,C0026896,3.1357599929613857
DB01406,C0014175,1.1764181103412557
DB01409,C0008677,0.09276576212097988
DB01410,C0004096,0.28708863051851147
DB01410,C2607914,0.10578016323526587
DB01411,C2607914,0.226974521632305
DB01411,C0004096,1.7004423254164291
DB01420,C0010417,1.1710136043198003
DB01420,C0034012,0.2469919434162995
DB01420,C0151721,0.5383258880514281
DB01429,C0085612,1.8521393875848515
DB01430,C0024117,0.24626458006929622
DB01432,C0020473,1.8060163585931606
DB01432,C0020443,2.886067575621704
DB01437,C0917801,2.0332276345593914
DB01576,C0027404,1.1832917629364004
DB01576,C1263846,1.21844494109528
DB01577,C1263846,2.299544499402217
DB01577,C0028754,0.8038406009974053
DB01579,C0028754,0.2775845930492406
DB01580,C0020538,1.4524084643714177
DB01580,C0085612,0.18577507398164425
DB01580,C0003467,0.31297690504151265
DB01586,C0008350,0.7660303714146217
DB01586,C0008312,0.505619587541997
DB01588,C0003467,2.0259408849617104
DB01588,C0917801,1.9320129460299185
DB01589,C0917801,2.2142149488905702
DB01590,C0007134,4.116780596661543
DB01590,C0678222,3.156029481434149
DB01591,C0085606,0.24953025699167322
DB01595,C0917801,2.3422109555948323
DB01599,C0020443,1.6354114184347053
DB01599,C0020473,0.975946282653108
DB01601,C0019693,0.11675732628426912
DB01602,C0037199,0.4602583683984358
DB01611,C0024141,1.511201437283429
DB01611,C0003873,1.5887080200121226
DB01611,C0024138,1.4362934221465282
DB01618,C0036341,1.9083803310331617
DB01619,C0033774,1.9473510866734318
DB01619,C2607914,2.480874425610108
DB01620,C2607914,2.480874425610108
DB01620,C0015967,0.4540108003742311
DB01620,C0010200,0.767148317938219
DB01620,C0033774,1.9473510866734318
DB01623,C0036341,1.9847381080095519
DB01625,C0030920,0.33900921506661497
DB02546,C0079773,1.239861578052604
DB02659,C0008350,1.691481024892604
DB03793,C0220994,0.12029873025878934
DB03904,C0015230,0.23252046173191498
DB03904,C0011616,0.5904093725510433
DB03904,C0036508,0.27588610685131476
DB04571,C0349506,0.8878596896246329
DB04572,C0019829,0.7901949641453294
DB04572,C1140680,1.4605821827096734
DB04572,C0024305,0.2555678553598288
DB04572,C0005684,1.069472483988833
DB04575,C0271578,0.43797720703936127
DB04837,C0010200,0.767148317938219
DB04837,C2607914,2.480874425610108
DB04837,C0035455,2.0827523432648234
DB04842,C0036341,1.3845915999805547
DB04843,C0038358,0.20999603379315823
DB04843,C0030920,0.45671708863213745
DB04845,C0678222,0.9749918623336651
DB04845,C0278488,0.9624307660736386
DB04846,C0020538,1.6495251648056344
DB04854,C0740394,1.1035827330471522
DB04855,C0235480,1.458627904444913
DB04861,C0020538,1.1904978757747429
DB04865,C0023473,2.3980566267890273
DB04871,C0028754,1.4727642432490853
DB04876,C0011860,1.7029546755647913
DB04878,C0011860,1.0446987233258442
DB04920,C0020538,0.8010447325538946
DB04942,C0023487,1.7803978495619492
DB04946,C0036341,2.9048388649571164
DB05109,C1140680,1.4672544716282223
DB05246,C0014553,1.0630049028143906
DB05246,C0014544,1.181780306091401
DB05265,C0030920,0.07612318065174463
DB05266,C0004096,1.229563260708264
DB05271,C0035258,1.8286781217387518
DB05271,C0030567,2.4452844279812074
DB05521,C0524910,1.5101403190613776
DB05578,C0278701,1.3735278894243144
DB05578,C0007131,2.680622252693426
DB05679,C0033860,2.219824847972825
DB05679,C0003872,3.060856092764701
DB05812,C0376358,0.9848315099840108
DB05829,C0020626,2.334080811759124
DB06016,C0036341,1.911669564956826
DB06144,C0036341,2.88008632261963
DB06148,C1269683,1.1597259715286907
DB06151,C0006267,0.8104661355092103
DB06151,C0002726,0.303663806444094
DB06155,C0028754,0.7397716063492317
DB06168,C1384600,1.808927595194316
DB06168,C0003868,1.1177172360885492
DB06176,C0079773,1.0412599066566615
DB06203,C0011860,1.0049504155310642
DB06204,C0030193,0.21449020255655635
DB06209,C0948089,2.623274326485714
DB06212,C0020625,1.7638766725093633
DB06216,C0036341,3.4778036374704824
DB06237,C0242350,2.7731602720909794
DB06262,C0030567,0.6836506940784189
DB06267,C0242350,2.7731602720909794
DB06268,C2973725,0.7300581572923207
DB06273,C0003873,1.7113321444621157
DB06282,C2607914,2.480874425610108
DB06287,C0007134,3.568093008591907
DB06287,C0334634,1.5509208857755925
DB06292,C0011860,0.814106642878734
DB06317,C0026764,1.4466208862964325
DB06335,C0011860,1.0049504155310642
DB06403,C2973725,0.9063811080641775
DB06412,C0002874,0.40647773923654956
DB06412,C1260899,0.8425101986035557
DB06413,C0027404,0.571676028393103
DB06414,C0019693,0.5786503421975577
DB06589,C0007134,1.9184000892910424
DB06589,C1261473,2.162362975921896
DB06594,C1269683,1.2120982974709187
DB06603,C0079773,1.1892201727230938
DB06603,C0026764,1.1840272224011354
DB06626,C0007134,1.2433279007627986
DB06643,C0029456,0.9324499153289498
DB06650,C0023434,1.0886954786719287
DB06655,C0011860,1.8001921799164182
DB06674,C0003873,2.0741607928112953
DB06674,C0003872,1.3094431919905585
DB06674,C0038013,1.424620073317083
DB06674,C0009324,1.8059372292699685
DB06684,C1269683,0.5305191676593378
DB06691,C0033774,1.5214220380645271
DB06692,C0019080,0.7673437717355052
DB06700,C1269683,2.332836338749758
DB06701,C1263846,1.8695936571891687
DB06710,C0151721,0.59519320791657
DB06769,C0024301,0.213373620586221
DB06769,C0023434,2.2826207617655205
DB06774,C0027796,1.1937470395180343
DB06777,C0008350,1.3908684681162753
DB06786,C0079773,0.44286346684979466
DB06786,C0024138,0.2831957276992961
DB06786,C0036508,0.3237256348388631
DB06786,C0011616,0.46225628848138833
DB06786,C0011615,0.4007847544083733
DB06809,C0026764,0.8742136241239034
DB06811,C0042345,0.14395922956705132
DB06824,C0007134,0.2644881832393479
DB07615,C2607914,0.4174802103621913
DB07615,C0022548,0.12143056421703458
DB08797,C0003862,0.13824050149916567
DB08799,C0033774,1.4503334227086633
DB08799,C2607914,0.8528570440133038
DB08808,C0017601,0.3423755167175655
DB08808,C0020538,1.4524084643714177
DB08815,C0036341,1.840934955193407
DB08815,C0005587,1.98142740430388
DB08816,C0948089,2.996281956307202
DB08822,C0020538,1.8933786470106684
DB08828,C0007117,2.211807013558725
DB08860,C0020443,0.6870962879129918
DB08864,C0019693,0.18451006666058473
DB08867,C0042133,1.2041917201828989
DB08870,C0019829,0.8827529372028539
DB08871,C0278488,1.2208475432908872
DB08872,C0035258,0.0843369483242382
DB08873,C0524910,1.039289797923741
DB08875,C0007134,2.3116444283406836
DB08877,C0027022,2.424003546701687
DB08879,C0024141,1.2824961340126404
DB08882,C0011860,0.8599205571271022
DB08885,C0271084,2.1016494390257545
DB08890,C0022104,0.21603923803448608
DB08895,C0003873,1.7887899342057676
DB08896,C0238198,2.5903790444696604
DB08897,C0024117,0.4673672691942433
DB08899,C0376358,1.2749362527066403
DB08901,C0023473,2.4523283687455897
DB08904,C0010346,1.807431246585753
DB08904,C0003873,2.0741607928112953
DB08904,C0003872,1.3094431919905585
DB08904,C0038013,1.424620073317083
DB08906,C2607914,0.10308254523239621
DB08906,C0004096,1.3562710153479116
DB08907,C0011860,0.814106642878734
DB08910,C0026764,0.8461999493214988
DB08918,C1269683,1.763622905991992
DB08931,C2973725,0.960041340806907
DB08932,C2973725,0.9740404542807486
DB08934,C0524910,3.158271412043231
DB08935,C0023434,1.0886954786719287
DB09020,C0009806,0.3455066895988357
DB09026,C0020538,1.5669312300239626
DB09027,C0524910,3.158271412043231
DB09030,C0038454,1.1099144104493726
DB09033,C0009324,0.3993663360359373
DB09033,C0010346,0.48992280912109465
DB09034,C0917801,0.18818647802351623
DB09035,C0149782,2.689494009946678
DB09035,C0007131,3.3363689769270413
DB09037,C0007131,4.109623930421437
DB09038,C0011860,0.814106642878734
DB09043,C0011860,1.8001921799164182
DB09045,C0011860,1.8001921799164182
DB09053,C0334634,1.7433967349194426
DB09053,C0023434,2.113763035211566
DB09054,C0023434,2.012407893675173
DB09054,C0024301,1.0065378791219306
DB09054,C0855095,0.9354438776459021
DB09068,C1269683,2.4146044986205326
DB09072,C0027404,0.5395383500831223
DB09074,C1140680,4.32304239147862
DB09075,C0034065,0.9712501304748885
DB09076,C0024117,0.27880427522669626
DB09077,C0027819,0.7140070644955971
DB09078,C0206682,2.0373428865988625
DB09078,C0238463,1.7437823336982676
DB09079,C0007131,1.5201119140612152
DB09080,C0024117,1.6338071932483098
DB09082,C0008677,0.21287974958729033
DB09082,C0024117,1.6338071932483098
DB09082,C0004096,1.3404382072093877
DB09084,C0030193,2.1689732840691653
DB09085,C0033774,2.187147007215087
DB09102,C0524910,3.158271412043231
DB09128,C0036341,2.378069573915269
DB09128,C1269683,2.0875776520161944
DB09143,C0007117,1.7235920509845248
DB09183,C0524910,3.158271412043231
DB09198,C0011860,2.22732110166287
DB09213,C0030193,1.672004907316559
DB09213,C0015967,0.9582064331577366
DB09213,C0029408,0.20665495770289455
DB09213,C0003873,1.0042585422948274
DB09223,C0036341,1.846796097976387
DB09229,C0020538,0.8740552794872125
DB09230,C0020538,0.8116002034782706
DB09235,C0020538,0.8740552794872125
DB09256,C0024623,2.370388580472806
DB09257,C0024623,1.3869219103852934
DB09265,C0011860,1.8001921799164182
DB09296,C0524910,3.158271412043231
DB09297,C0524910,3.158271412043231
DB09302,C0020443,2.520051997494194
DB09302,C0004153,1.5626441532813764
DB09303,C0020443,2.520051997494194
DB09331,C0026764,1.706452808608607
DB09343,C0007102,0.857878455832211
DB09389,C0025323,0.17457862739713284
DB09477,C0020538,1.1313250615258525
DB09477,C0018802,1.3026312791332555
DB09488,C2607914,2.480874425610108
DB09555,C0033774,1.9473510866734318
DB09555,C2607914,2.480874425610108
DB09559,C0007131,1.6847444234757023
DB09564,C0011849,1.4632292748925186
DB11320,C0029408,1.2612279410807035
DB11362,C2973725,0.4122689336816856
DB11363,C0007131,2.8082132150834354
DB11560,C0740394,1.6125811703105652
DB11574,C0524910,3.158271412043231
DB11575,C0524910,3.158271412043231
DB11581,C0023434,1.5755755837377783
DB11582,C0026838,2.453787072708461
DB00007,C0034013,-0.09359991761249424
DB00038,C0040034,0.03305748014768233
DB00049,C0740394,-0.3515050368660112
DB00145,C0010200,-1.0436729089022267
DB00145,C2607914,-0.8992837508156988
DB00145,C0035455,-1.2573669615116747
DB00159,C0020557,0.053566654442124856
DB00169,C0020626,-0.3554647632742738
DB00180,C2607914,-1.0640845740967089
DB00187,C0039240,-0.09990728190673422
DB00193,C0029408,-0.9739050716619049
DB00195,C0028840,-0.12340655677159587
DB00195,C0017612,-0.09129498737727808
DB00201,C2607914,-0.4294936191539729
DB00201,C0004604,-0.3905867712495981
DB00201,C0026838,-0.12583571650906597
DB00201,C0149931,-0.05663348399013423
DB00203,C2973725,0.04762413182194765
DB00211,C0020651,-1.2453782071833361
DB00223,C0079773,-0.14520225550720378
DB00223,C0024138,-0.2320411391638335
DB00223,C0011616,-0.16440878695507946
DB00223,C0036508,-0.21626455739470368
DB00223,C0011615,-0.9208157615764965
DB00224,C0019693,-0.45798292502136295
DB00238,C0019693,-0.5325305265507383
DB00240,C0079773,-0.24156117473893432
DB00240,C0011615,-0.3494486225278801
DB00254,C0037199,-0.42207911097707834
DB00262,C0026764,-0.5111826214724147
DB00264,C0002962,-0.5642923386212333
DB00277,C0034067,-0.25942114617934975
DB00279,C0007115,-0.18446585461373796
DB00283,C0042109,-0.38179726415968473
DB00283,C2607914,0.006662557247798366
DB00287,C0028840,-0.015340549240710006
DB00287,C0017612,0.017458100081647627
DB00288,C0011615,-0.11653544827352616
DB00290,C1336708,-0.17934975270035236
DB00295,C0011991,-0.06214390965848658
DB00300,C0524909,-0.02823105395660964
DB00302,C0271578,-0.11892315460269862
DB00307,C0079773,-0.12277176546488267
DB00312,C0917798,-0.781296192906714
DB00316,C0004604,-0.8368893509574125
DB00316,C0149931,-0.21163484184914774
DB00318,C0010200,-0.5289137763922583
DB00318,C0035455,-0.04626076288085979
DB00318,C2607914,-0.7289568082009381
DB00327,C0010200,-0.48356195972423033
DB00332,C0034067,-0.25542092094206087
DB00335,C0002962,0.0031898912324014547
DB00339,C0041327,-0.4049409543373653
DB00340,C0242422,-0.6403121819410704
DB00343,C0002962,-0.15804608746372228
DB00350,C0002170,-0.25650025347468336
DB00352,C0023467,-0.002090492557537137
DB00356,C0026838,-0.01848561476816186
DB00359,C0037299,-0.23741467694866802
DB00366,C0042109,-0.4404027295605453
DB00368,C0034067,-0.45249652148368796
DB00373,C0028840,-1.0051783350123449
DB00373,C0017612,-0.8853211780109754
DB00383,C0030920,-0.09246332465531627
DB00387,C0242422,-0.34030033304051543
DB00388,C0010200,-0.3945977891390568
DB00388,C0035455,0.03502805183852052
DB00388,C2607914,-0.6496095343234588
DB00394,C0027430,0.04734559314732865
DB00394,C2607914,-0.176142689029842
DB00395,C0004604,-0.9329604667103415
DB00395,C0026838,-0.11633712422400919
DB00396,C0232940,-0.08056023534782768
DB00397,C2607914,-0.11847197127698308
DB00397,C0010200,-0.20623065329695853
DB00397,C0035455,-0.8298122209744284
DB00405,C0042109,-0.4404027295605453
DB00415,C0037199,-0.33155658495439333
DB00420,C2607914,-0.14776195808581127
DB00420,C0042109,-0.11402701111844595
DB00420,C0027498,-0.5511359023652298
DB00420,C0027497,-0.6091575209392824
DB00422,C0027404,-0.25006594794344433
DB00423,C0026838,-0.3014557699135574
DB00424,C0085610,-0.0457504256066477
DB00424,C0030920,-0.111302739594633
DB00427,C0042109,-0.4404027295605453
DB00433,C0027498,0.02064322710358263
DB00434,C0042109,-0.6800440829589133
DB00443,C0036202,-0.02389400294799106
DB00443,C0006114,-0.1546162037977376
DB00443,C0019829,-0.22466570185570892
DB00443,C0037274,-0.06498719480782594
DB00443,C0010346,-0.06557625968283401
DB00443,C0079773,0.008997970612699349
DB00443,C2607914,-0.2890447223970285
DB00443,C0011615,-0.14942285653062276
DB00443,C1260899,-0.460826753473099
DB00443,C0033860,-0.0697019756135523
DB00443,C0040147,-0.03241619396699234
DB00443,C0024305,0.029159406184070886
DB00443,C0015230,-0.3643644995152279
DB00451,C0677607,-0.799143215422857
DB00455,C2607914,-0.06502070149569371
DB00456,C0032285,-0.1899142096118533
DB00460,C0600518,-0.09317120294609445
DB00460,C0271084,-0.16904889777335436
DB00471,C2607914,-1.2906498083576732
DB00475,C0030920,-0.7609735793614516
DB00475,C0022104,0.012358075315687634
DB00479,C0029443,0.03022272801632348
DB00484,C0028840,-0.0029992203202446007
DB00488,C1140680,-0.28637963522232585
DB00496,C0085606,-0.6105672781768658
DB00501,C0038358,-0.5869904040082723
DB00508,C0027497,-0.3518551003674439
DB00514,C2607914,-0.08573718886683965
DB00514,C0010200,-0.6414245981587354
DB00514,C0035455,-0.8040051282503404
DB00517,C0038358,-0.2559496922798518
DB00517,C0030920,-0.0497684152254243
DB00521,C0017612,-0.6794371733579384
DB00521,C0028840,-0.8005354080544144
DB00537,C0010692,-0.127483486665984
DB00547,C0015230,-0.14932209152493156
DB00547,C0024138,-0.09485512290709715
DB00547,C0011615,0.007030799447654482
DB00549,C0004096,-0.12623759307936755
DB00550,C0020550,-0.1619010203506794
DB00553,C0079773,-0.12451273912626748
DB00553,C0042900,-1.221446170461798
DB00554,C0029408,-0.35886773110544795
DB00557,C0042109,-0.4642219591589982
DB00557,C0011615,-1.0343685226864097
DB00557,C2607914,-0.47551965368466464
DB00563,C0585442,-0.3989840622156654
DB00571,C0039240,-0.1968353488342383
DB00571,C0002962,-0.6784839078275227
DB00571,C0007194,-0.4360042006936575
DB00571,C0018916,-0.44907879285166286
DB00575,C0017612,-0.47213828635813687
DB00575,C1263846,0.060086582433354505
DB00581,C0220994,-0.39997858789333424
DB00581,C0009806,-0.3794850303941664
DB00586,C0029408,-0.20499940194879937
DB00586,C0409959,-0.9791452688805495
DB00588,C0015230,0.007930417883604041
DB00588,C0011615,0.0647996008720733
DB00589,C0002453,-0.08203812340084864
DB00591,C0015230,-0.020975576167392866
DB00596,C0015230,-0.020975576167392866
DB00605,C0029408,-0.041236726186103884
DB00605,C0003868,-0.0005347824077149796
DB00620,C0024305,-0.3313626959201255
DB00620,C0015230,-0.16392157933638465
DB00620,C0011606,-0.6729789221318507
DB00620,C0023449,-0.2614571729973224
DB00620,C0015397,-0.28045300300294695
DB00620,C0002171,0.051573026925831454
DB00620,C0003872,-0.103117695724878
DB00620,C0011615,-0.6225293420692299
DB00620,C2607914,-0.5011155190358838
DB00620,C0036508,-0.4217392251668291
DB00620,C0019829,0.0015415803788534125
DB00620,C0033860,-0.2742551947033008
DB00620,C0024138,-0.6787081892239286
DB00620,C0006114,0.06208661318748911
DB00620,C0037274,-0.22743789169547718
DB00620,C1260899,-0.8931605838400684
DB00620,C0001403,-0.4284977410832875
DB00620,C0024301,-0.47929739854476416
DB00624,C0271623,-0.7026958060846719
DB00624,C0151721,-0.18232962867578406
DB00626,C0022568,-0.2317725636389239
DB00627,C0020443,-0.7194221442848036
DB00627,C0020557,-0.048979072844319724
DB00635,C0011606,0.03888545759825761
DB00635,C0024301,0.027730308510324903
DB00635,C0023434,-0.06794166238459384
DB00635,C0033860,-0.21809417837714568
DB00635,C1260899,-0.44383238522192714
DB00635,C0001403,-0.08753175794164719
DB00635,C0003872,-0.34218418480920715
DB00635,C0036202,-0.09472273214293932
DB00644,C0002453,-0.7259229455127556
DB00651,C0034067,-0.5611534465898418
DB00651,C0008677,-0.5495215142536632
DB00654,C0028840,-0.0037407225584007455
DB00663,C0015230,0.012154207497109142
DB00663,C0011615,0.061569880492736526
DB00666,C0034013,0.013412952291739652
DB00666,C0014175,-0.16343471177026903
DB00668,C0017612,-0.1604436666093518
DB00681,C0037199,-0.6745111204470116
DB00681,C0032285,-0.3860697581621574
DB00692,C0031511,-1.0780297924939355
DB00692,C0917798,-1.0203257808575048
DB00712,C0029408,-0.024801963312348945
DB00713,C0037199,0.061793084838827235
DB00719,C0042109,-0.14016794123353365
DB00724,C0043037,-0.22768787159926068
DB00725,C0010200,-0.6805240982266935
DB00725,C0022104,-0.19950186179772508
DB00737,C0042571,0.027281091670023447
DB00741,C1260899,-0.1287439560440021
DB00741,C0024138,-0.12546527808201485
DB00741,C0011606,-0.06715327327987691
DB00741,C0003872,-0.07779732898690454
DB00741,C0001403,-0.6830998193229715
DB00741,C0015397,-0.4780408842865927
DB00742,C0013604,-0.383045094265396
DB00742,C0006114,-0.4040155240431783
DB00745,C0027404,-0.9658602462800496
DB00747,C2607914,-0.13192742666678312
DB00747,C0010200,-0.19160914675527296
DB00759,C0037199,-1.200278366002236
DB00764,C0079773,-0.2727406669620196
DB00765,C0031511,-0.5193818776290898
DB00770,C0003492,-0.34033533456998993
DB00770,C0039685,0.03174105757149925
DB00770,C0242350,-0.5065122134024933
DB00783,C0271578,0.0371917451652769
DB00788,C0149931,-0.17698704523014727
DB00788,C0231528,-0.30309509391139133
DB00792,C0042109,-0.14016794123353365
DB00797,C0042373,-0.27061101624252165
DB00799,C0033860,-0.2148889265832138
DB00804,C0022104,-0.6309611603151976
DB00810,C0242422,-0.15998362541338343
DB00816,C0034067,-0.856058853589172
DB00819,C0017612,-0.08804816013829904
DB00825,C0004604,0.03432413865636207
DB00830,C0028754,-0.10168655426130017
DB00835,C0042109,-0.14016794123353365
DB00838,C0036508,-0.21626455739470368
DB00838,C0011616,-0.16440878695507946
DB00838,C0079773,-0.14520225550720378
DB00838,C0024138,-0.2320411391638335
DB00845,C0023343,-0.6021968752507623
DB00846,C0015230,-0.3053007053415411
DB00846,C0079773,-0.07337452262418381
DB00852,C2607914,-0.6983379571476094
DB00852,C0035455,-0.8780731748640869
DB00858,C0042164,0.05556513693643149
DB00860,C0001403,-0.11928842883406533
DB00860,C0015397,-0.3349736556302784
DB00860,C1527336,-0.4372805100943142
DB00860,C0003872,-0.13050171475281802
DB00860,C0033860,-0.06712855627802836
DB00860,C0011606,0.06288012001838074
DB00860,C1260899,-0.49044807657100564
DB00860,C0036202,-0.3083610117864322
DB00860,C0006114,-0.10518796362268742
DB00860,C2607914,-0.29113940198766564
DB00860,C0019829,-0.33671602945707296
DB00863,C0038358,-0.8396757613356962
DB00868,C0010200,-0.23534636381032167
DB00869,C0017612,0.01364593825244629
DB00869,C0028840,-0.03675383995905109
DB00871,C0034067,-0.856058853589172
DB00871,C0033774,0.0523896816526085
DB00874,C0015967,-0.09744400529764927
DB00874,C0035455,-1.1523985593729638
DB00874,C2607914,-0.6760770265283853
DB00874,C0010200,-0.7871008960817096
DB00879,C0019693,-0.2295704960517465
DB00883,C0002962,0.016850224609744908
DB00890,C1384606,-0.5650531404718707
DB00900,C0019693,-0.1417659864094517
DB00902,C0042109,-0.14016794123353365
DB00903,C0013604,-0.1511084628570987
DB00905,C0028840,-0.05197335263053814
DB00915,C0030567,-0.12807137112859032
DB00915,C0242422,-0.024706149698045955
DB00924,C0026838,-0.011411173936609821
DB00925,C0031511,-0.76611073587132
DB00927,C0038358,-0.04653261472334087
DB00932,C0019693,-0.2867462492521693
DB00937,C0028754,-0.10168655426130017
DB00938,C0034067,-0.38023952238027625
DB00940,C0038358,-0.6586447513338096
DB00940,C0042024,-0.8280601219913007
DB00942,C0030567,-0.29513622409339435
DB00943,C0019693,-0.269130746518562
DB00951,C0041327,-0.5966416299575829
DB00956,C0010200,-0.48356195972423033
DB00956,C0035455,-0.09727610835382888
DB00956,C2607914,-1.3048666792562136
DB00959,C0003872,-0.0979322009362905
DB00959,C0001403,-0.03648296267338741
DB00959,C0015397,-0.7313082257517918
DB00973,C0020473,-0.01722951830128199
DB00981,C0017612,-0.16359387418346935
DB00983,C0034067,-0.12060505856871631
DB00985,C0042963,-0.24765072601878196
DB00985,C0027497,-0.7610125829145769
DB00985,C0042571,-0.10368773806728422
DB00985,C0027498,-0.9898777104633562
DB00986,C0024117,-0.24230545993613048
DB00994,C0019151,-0.5204283636014571
DB00994,C0022568,-0.5378520679944323
DB00994,C0042164,-0.7657521245858945
DB00995,C0003873,-0.09317120294609445
DB00996,C0035258,0.032564023899981843
DB01003,C0004096,-0.7701319166859496
DB01003,C2607914,-0.9903625477027688
DB01005,C1140680,-0.1789211891684323
DB01013,C0011616,-0.004283599780963871
DB01017,C0031099,-0.769737709321904
DB01017,C0037199,-0.7798861798696808
DB01017,C0032285,-0.4095982532283505
DB01020,C0002962,0.018162276011967626
DB01022,C0020598,-0.1279509317142799
DB01022,C0029456,-0.3378895200734334
DB01026,C0036508,-0.08718983659316133
DB01031,C0917801,-0.0399562462555376
DB01032,C0740394,-0.033970132195328274
DB01036,C0085606,-0.3221967106698013
DB01045,C0041327,-0.744684815000856
DB01047,C0015230,-0.3053007053415411
DB01047,C0079773,-0.07337452262418381
DB01057,C0017612,0.01794395661020932
DB01057,C0014877,-0.12220897931468008
DB01062,C0085606,-0.5216289190156352
DB01069,C0027498,-0.061623863296837056
DB01072,C0019693,-0.30258606169209734
DB01075,C0917801,-1.2378242635514929
DB01082,C0041327,-0.2460591435790491
DB01084,C0042109,-0.14016794123353365
DB01098,C0003850,-0.3982876249787185
DB01114,C0042109,-0.6506850546191191
DB01114,C2607914,-0.11107279890683346
DB01115,C0002962,-0.19833959335077697
DB01116,C0034063,-0.7585074837468846
DB01130,C0011615,-0.023426787641476068
DB01130,C0015230,-0.157535166063432
DB01146,C0042109,-0.8004443087067123
DB01148,C0042024,-0.32061945734220426
DB01158,C0085612,-0.0866585954226518
DB01165,C0032285,-0.3121216185176868
DB01173,C0242422,-0.008055751796725437
DB01174,C0149931,0.025339689802356787
DB01178,C0003467,-0.42071531816457614
DB01181,C1336708,-1.1062768054698715
DB01184,C0027498,-0.49178462739354156
DB01185,C0034012,-0.26667727237022804
DB01194,C0028840,0.03453209058024835
DB01194,C0017612,0.06238198641911015
DB01203,C0002962,-0.33627457910499137
DB01210,C0028840,-0.8005354080544144
DB01210,C0017612,-0.6794371733579384
DB01214,C0017612,-0.34771361780985455
DB01214,C0028840,-0.44926735743558255
DB01219,C0026838,-0.2614440633840917
DB01220,C0019151,-0.27083019250729273
DB01222,C2607914,-1.132351032729778
DB01223,C0034067,-0.2147589678681546
DB01231,C0042571,-0.17420959347843623
DB01233,C0017168,-0.028525264147608174
DB01234,C0015397,-0.7115714884914512
DB01234,C0024138,-0.39698202328384646
DB01234,C0001403,-1.1895954365961332
DB01234,C0011606,-0.10079918336403479
DB01234,C0006114,-0.4227504920281863
DB01234,C0024301,0.020526059663898893
DB01234,C0037274,-0.10880902241672241
DB01234,C0022568,-0.08175562917208842
DB01234,C1260899,-0.4860651558135029
DB01234,C0003872,-0.39497240982196863
DB01234,C0006413,0.043082032582348745
DB01240,C2607914,-0.3098237286303168
DB01243,C0036508,0.05059194135949409
DB01246,C0042109,-0.14016794123353365
DB01260,C0010346,-0.08019047485446283
DB01260,C0079773,-0.20343205444404017
DB01264,C0019693,-0.2867462492521693
DB01274,C0008677,-0.305423818272682
DB01274,C0034067,-0.3641253834879092
DB01282,C0032897,0.004640417430179051
DB01289,C0011860,-0.5275294831430324
DB01291,C0006267,-0.03401004950404345
DB01291,C0034067,-0.856058853589172
DB01294,C0011991,0.035755126813987785
DB01319,C0019693,-0.2867462492521693
DB01357,C0025323,-0.15886632207991366
DB01357,C0271578,-0.14616930293870808
DB01364,C2607914,-0.9355952835596556
DB01364,C0035455,-0.09912251308081856
DB01380,C0036202,-0.6146460733660538
DB01380,C0015230,0.007930417883604041
DB01380,C0021390,-0.10171425312906152
DB01380,C0003868,0.014993510600343865
DB01380,C0006114,-0.44662984057747457
DB01380,C0015397,0.06360666298310769
DB01380,C0027726,-0.044273781807317385
DB01380,C0019829,-0.05654032565229358
DB01380,C0038013,-0.06294049476866596
DB01380,C0033860,-0.1106920503287819
DB01380,C0024305,0.014960115091863449
DB01380,C0026769,-0.08979805637981461
DB01380,C0009324,-0.12455326661872972
DB01380,C0004364,-0.10376135228485035
DB01380,C0010346,-0.1145078298310176
DB01382,C0011860,-0.12356575740271054
DB01393,C0020443,-0.5974431008806836
DB01394,C0018099,-0.764881975636309
DB01409,C0034067,-0.44008358435186845
DB01409,C0004096,-0.19143373087108748
DB01600,C0029408,-0.1254379140552991
DB01600,C0030193,-0.102741820365208
DB01600,C0003873,-0.17667896237051336
DB01615,C0917801,-0.11195022446046322
DB01619,C0042109,-0.14016794123353365
DB01620,C0042109,-0.14016794123353365
DB01626,C0020538,-0.4599987649632278
DB01744,C0004604,0.018421722666867667
DB02659,C0009806,-0.3353135718411413
DB03255,C0033774,-0.019341842408129886
DB04398,C0033774,0.024110964310904433
DB04571,C0042900,-0.17090382509525678
DB04938,C1384606,-0.08865556613786686
DB05245,C0037299,-0.44063730113040545
DB05676,C0003872,-0.04326116211864907
DB06290,C0524910,-0.12808947078541805
DB06480,C0009806,-0.34545060611232614
DB06637,C0026769,-0.8182412983270677
DB06691,C2607914,-0.05452024569340192
DB06691,C0042109,-0.49989812428746433
DB06702,C0085606,-0.5216289190156352
DB06710,C0034012,-0.5676494675384316
DB06725,C0030193,0.011561273492561815
DB06774,C0004604,-0.2615324996380306
DB06782,C0311375,-0.036330150514101434
DB06786,C0015230,-0.4512941042490659
DB06788,C0034013,0.013412952291739652
DB06817,C0019693,-0.32306148652805666
DB06824,C0019202,-0.09861053677923169
DB07615,C0004096,-0.2395990596302478
DB08797,C0004604,-0.649312318380351
DB08797,C0015967,-0.022921185914294664
DB08797,C0030193,0.04364823793300739
DB08799,C0042109,-0.8004443087067123
DB08819,C0028840,-0.015340549240710006
DB08819,C0017612,0.017458100081647627
DB08826,C0282193,-0.5802734018670446
DB08880,C0003873,-0.21037184227147807
DB08880,C0003872,-0.10046880990582277
DB08880,C0026769,-0.4586081127741978
DB08889,C0026764,-1.0139522804623826
DB08930,C0019693,-0.0012636905401904352
DB08941,C0042373,-1.2178467638534527
DB08984,C0029408,-0.2505110498435298
DB09065,C0019693,-0.3656865001697366
DB09082,C0034067,-0.856058853589172
DB09110,C1336708,-0.3538616702935925
DB09205,C0242350,-0.1365387281263064
DB09351,C0017612,-0.09129498737727808
DB09351,C0028840,-0.12340655677159587
DB09555,C0042109,-0.14016794123353365
DB09570,C0026764,-0.1474211428853708
DB11596,C0002888,0.018202606334735097
